Workbook

Sheet WPN系列料号GEIM编码对照表
C1: WPN系列料号GEIM编码对照表
A2: 序号 | B2: 物料号 | C2: GEIM型号 | D2: 马力 HP | E2: 电压 V
A3: 1 | B3: LBA000089800 | C3: 5KS143BWV120 WV577 | D3: 1 | E3: 230/460V | F3: =LEFT(C3,12) -> 5KS143BWV120
A4: 2 | B4: LBA000089900 | C4: 5KS143KWV101 WV578 | D4: 1 | E4: 230/460V | F4: =LEFT(C4,12) -> 5KS143KWV101
A5: 3 | B5: LBA000101800 | C5: 5KS143KWV110 WV229 | D5: 1 | E5: 230/460V | F5: =LEFT(C5,12) -> 5KS143KWV110
A6: 4 | B6: LBA000102900 | C6: 5KS143KWV111 WV329 | D6: 1 | E6: 230/460V | F6: =LEFT(C6,12) -> 5KS143KWV111
A7: 5 | B7: LBA000088300 | C7: 5KS143BWV105 WV001 | D7: 1.5 | E7: 230/460V | F7: =LEFT(C7,12) -> 5KS143BWV105
A8: 6 | B8: LBA000088400 | C8: 5KS143KWV105 WV101 | D8: 1.5 | E8: 230/460V | F8: =LEFT(C8,12) -> 5KS143KWV105
A9: 7 | B9: LBA000101900 | C9: 5KS143KWV103 WV201 | D9: 1.5 | E9: 230/460V | F9: =LEFT(C9,12) -> 5KS143KWV103
A10: 8 | B10: LBA000101901 | C10: 5KS143KWV109 WV301 | D10: 1.5 | E10: 230/460V | F10: =LEFT(C10,12) -> 5KS143KWV109
A11: 9 | B11: LBA000089200 | C11: 5KS145BWV105 WV003 | D11: 2 | E11: 230/460V | F11: =LEFT(C11,12) -> 5KS145BWV105
A12: 10 | B12: LBA000089300 | C12: 5KS145KWV105 WV103 | D12: 2 | E12: 230/460V | F12: =LEFT(C12,12) -> 5KS145KWV105
A13: 11 | B13: LBA000100100 | C13: 5KS145KWV103 WV203 | D13: 2 | E13: 230/460V | F13: =LEFT(C13,12) -> 5KS145KWV103
A14: 12 | B14: LBA000100101 | C14: 5KS145KWV109 WV303 | D14: 2 | E14: 230/460V | F14: =LEFT(C14,12) -> 5KS145KWV109
... A177: 175 | B177: LBC000078500 | C177: 5KS324KWC320 | D177: 25 | E177: 230/460V | F177: =LEFT(C177,12) -> 5KS324KWC320

Sheet NEH系列料号GEIM编码对照表
C1: NEH系列料号GEIM编码对照表
A2: 序号 | B2: 物料号 | C2: GEIM型号 | D2: 马力 HP | E2: 电压 V | F2: 备注
A3: 1 | B3: LNEH00002400 | C3: 5KR213ZWL308 | D3: 3 | E3: 460 | F3: 自制
A4: 2 | B4: LNEH00002300 | C4: 5KR215ZWL308 | D4: 5 | E4: 460
A5: 3 | B5: LNEH00002500 | C5: 5KR254ZWL308 | D5: 7.5 | E5: 460
A6: 4 | B6: LNEH00002700 | C6: 5KR256ZWL308 | D6: 10 | E6: 460
A7: 5 | B7: LNEH00002800 | C7: 5KR284ZWL308 | D7: 15 | E7: 460
A8: 6 | B8: LNEH00002600 | C8: 5KR286ZWL308 | D8: 20 | E8: 460
A9: 7 | B9: LNEH00003000 | C9: 5KR324ZWL308 | D9: 25 | E9: 460
A10: 8 | B10: LNEH00002900 | C10: 5KR326ZWL308 | D10: 30 | E10: 460
A11: 9 | B11: LNEH00003100 | C11: 5KR365ZWL308 | D11: 40 | E11: 460
A12: 10 | B12: LNEH00003400 | C12: 5KR404ZWL308 | D12: 50 | E12: 460
A13: 11 | B13: LNEH00003500 | C13: 5KR405ZWL308 | D13: 60 | E13: 460
A14: 12 | B14: LNEH00003600 | C14: 5KR444ZWL308 | D14: 75 | E14: 460
A15: 13 | B15: LNEH00003700 | C15: 5KR445ZWL308 | D15: 100 | E15: 460
... A17: 15 | B17: LNEH00003900 | C17: 5KR449ZWL308 | D17: 150 | E17: 460
A19: 16 | B19: LNEH00000100 | C19: =VLOOKUP(B19,[1]Sheet1!$J:$K,2,0) -> 5KR213ZWL308 | D19: 3 | E19: 460 | F19: 采购半成品
A20: 17 | B20: LNEH00000200 | C20: =VLOOKUP(B20,[1]Sheet1!$J:$K,2,0) -> 5KR215ZWL308 | D20: 5 | E20: 460
A21: 18 | B21: LNEH00000300 | C21: =VLOOKUP(B21,[1]Sheet1!$J:$K,2,0) -> 5KR254ZWL308 | D21: 7.5 | E21: 460
A22: 19 | B22: LNEH00000400 | C22: =VLOOKUP(B22,[1]Sheet1!$J:$K,2,0) -> 5KR256ZWL308 | D22: 10 | E22: 460
A23: 20 | B23: LNEH00000500 | C23: =VLOOKUP(B23,[1]Sheet1!$J:$K,2,0) -> 5KR284ZWL308 | D23: 15 | E23: 460
A24: 21 | B24: LNEH00000600 | C24: =VLOOKUP(B24,[1]Sheet1!$J:$K,2,0) -> 5KR286ZWL308 | D24: 20 | E24: 460
A25: 22 | B25: LNEH00000700 | C25: =VLOOKUP(B25,[1]Sheet1!$J:$K,2,0) -> 5KR324ZWL308 | D25: 25 | E25: 460
A26: 23 | B26: LNEH00000800 | C26: =VLOOKUP(B26,[1]Sheet1!$J:$K,2,0) -> 5KR326ZWL308 | D26: 30 | E26: 460
A27: 24 | B27: LNEH00000900 | C27: =VLOOKUP(B27,[1]Sheet1!$J:$K,2,0) -> 5KR365ZWL308 | D27: 40 | E27: 460
A28: 25 | B28: LNEH00001000 | C28: =VLOOKUP(B28,[1]Sheet1!$J:$K,2,0) -> 5KR404ZWL308 | D28: 50 | E28: 460
A29: 26 | B29: LNEH00001100 | C29: =VLOOKUP(B29,[1]Sheet1!$J:$K,2,0) -> 5KR405ZWL308 | D29: 60 | E29: 460
A30: 27 | B30: LNEH00001200 | C30: =VLOOKUP(B30,[1]Sheet1!$J:$K,2,0) -> 5KR444ZWL308 | D30: 75 | E30: 460
A31: 28 | B31: LNEH00001300 | C31: =VLOOKUP(B31,[1]Sheet1!$J:$K,2,0) -> 5KR445ZWL308 | D31: 100 | E31: 460
... A33: 30 | B33: LNEH00001500 | C33: =VLOOKUP(B33,[1]Sheet1!$J:$K,2,0) -> 5KR449ZWL308 | D33: 150 | E33: 460

Sheet NEXP系列料号GEIM编码对照表
C1: NEXP系列料号GEIM编码对照表
A2: 序号 | B2: 物料号 | C2: GEIM型号 | D2: 马力 HP | E2: 电压 V
A3: 1 | B3: LNEXP0007500 | C3: 5KS184RWL105 | D3: 5 | E3: 230/460V
A4: 2 | B4: LNEXP0007600 | C4: 5KS184RWL205 | D4: 5 | E4: 230/460V
A5: 3 | B5: LNEXP0007700 | C5: 5KS213RWL105 | D5: 7.5 | E5: 230/460V
A6: 4 | B6: LNEXP0007800 | C6: 5KS213RWL205 | D6: 7.5 | E6: 230/460V
A7: 5 | B7: LNEXP0007900 | C7: 5KS215RWL105 | D7: 10 | E7: 230/460V
A8: 6 | B8: LNEXP0008000 | C8: 5KS215RWL205 | D8: 10 | E8: 230/460V
A9: 7 | B9: LNEXP0008100 | C9: 5KS254RWL105 | D9: 15 | E9: 230/460V
A10: 8 | B10: LNEXP0008200 | C10: 5KS256RWL105 | D10: 20 | E10: 230/460V
A11: 9 | B11: LNEXP0008300 | C11: 5KS256RWL205 | D11: 20 | E11: 230/460V
A12: 10 | B12: LNEXP0008400 | C12: 5KS284RWL115 | D12: 25 | E12: 230/460V
A13: 11 | B13: LNEXP0008500 | C13: 5KS284RWL205 | D13: 25 | E13: 230/460V
A14: 12 | B14: LNEXP0008600 | C14: 5KS286RWL115 | D14: 30 | E14: 230/460V
... A45: 43 | B45: LNEXP0013600 | C45: 5KS365CWL115 | D45: 75 | E45: 230/460V

Sheet Sheet1
A1: PO编号 | B1: 行号 | C1: 物料编号 | D1: 物料描述 | E1: 需求日期 | F1: 采购数量 | G1: 单位 | H1: 单价(USD) | I1: 行金额(USD) | J1: 税率状态
A2: 4500231697 | B2: 00010 | C2: 5KS145BWV205 | D2: SMALL AC MOTOR | E2: 07/18/2026 | F2: 8 | G2: PC | H2: 123.31 | I2: 986.48 | J2: 免税 | K2: =_xlfn.XLOOKUP(C2,WPN系列料号GEIM编码对照表!F:F,WPN系列料号GEIM编码对照表!B:B) -> LBA000089500
A3: 4500231697 | B3: 00020 | C3: 5KS215BWC105 | D3: SMALL AC MOTOR | E3: 07/18/2026 | F3: 8 | G3: PC | H3: 278.58 | I3: 2228.64 | J3: 免税 | K3: =_xlfn.XLOOKUP(C3,WPN系列料号GEIM编码对照表!F:F,WPN系列料号GEIM编码对照表!B:B) -> LBC000054300
A4: 4500231697 | B4: 00030 | C4: 5KS215BWV205 | D4: WPN-DA215TSQ-4 10HP,P,215,230/460V,TEFC | E4: 07/18/2026 | F4: 16 | G4: PC | H4: 284.83 | I4: 4557.28 | J4: 免税 | K4: =_xlfn.XLOOKUP(C4,WPN系列料号GEIM编码对照表!F:F,WPN系列料号GEIM编码对照表!B:B) -> LBA000080900
A5: 4500231697 | B5: 00040 | C5: 5KS184BWC205 | D5: SMALL AC MOTOR | E5: 07/18/2026 | F5: 20 | G5: PC | H5: 182.45 | I5: 3649 | J5: 免税 | K5: =_xlfn.XLOOKUP(C5,WPN系列料号GEIM编码对照表!F:F,WPN系列料号GEIM编码对照表!B:B) -> LBC000069100
A6: 4500231697 | B6: 00050 | C6: 5KS213BWC105 | D6: SMALL AC MOTOR | E6: 07/18/2026 | F6: 8 | G6: PC | H6: 235.89 | I6: 1887.12 | J6: 免税 | K6: =_xlfn.XLOOKUP(C6,WPN系列料号GEIM编码对照表!F:F,WPN系列料号GEIM编码对照表!B:B) -> LBC000067900
A7: 4500231697 | B7: 00060 | C7: 5KS256BWC205 | D7: SMALL AC MOTOR | E7: 07/18/2026 | F7: 30 | G7: PC | H7: 538.41 | I7: 16152.3 | J7: 免税 | K7: =_xlfn.XLOOKUP(C7,WPN系列料号GEIM编码对照表!F:F,WPN系列料号GEIM编码对照表!B:B) -> LBC000069800
A8: 4500231697 | B8: 00070 | C8: 5KS256BWC205 | D8: SMALL AC MOTOR | E8: 07/18/2026 | F8: 8 | G8: PC | H8: 538.41 | I8: 4307.28 | J8: 免税 | K8: =_xlfn.XLOOKUP(C8,WPN系列料号GEIM编码对照表!F:F,WPN系列料号GEIM编码对照表!B:B) -> LBC000069800
A9: 4500231697 | B9: 00080 | C9: 5KS256BWC205 | D9: SMALL AC MOTOR | E9: 07/18/2026 | F9: 8 | G9: PC | H9: 538.41 | I9: 4307.28 | J9: 免税 | K9: =_xlfn.XLOOKUP(C9,WPN系列料号GEIM编码对照表!F:F,WPN系列料号GEIM编码对照表!B:B) -> LBC000069800
A10: 4500231697 | B10: 00090 | C10: 5KS324BWC205 | D10: SMALL AC MOTOR | E10: 07/18/2026 | F10: 8 | G10: PC | H10: 936.69 | I10: 7493.52 | J10: 免税 | K10: =_xlfn.XLOOKUP(C10,WPN系列料号GEIM编码对照表!F:F,WPN系列料号GEIM编码对照表!B:B) -> LBC000052200
A11: 4500231697 | B11: 00100 | C11: 5KS215BWC205 | D11: SMALL AC MOTOR | E11: 07/18/2026 | F11: 8 | G11: PC | H11: 284.83 | I11: 2278.64 | J11: 免税 | K11: =_xlfn.XLOOKUP(C11,WPN系列料号GEIM编码对照表!F:F,WPN系列料号GEIM编码对照表!B:B) -> LBC000055100
A12: 4500231697 | B12: 00110 | C12: 5KS184BWC205 | D12: SMALL AC MOTOR | E12: 07/18/2026 | F12: 20 | G12: PC | H12: 182.45 | I12: 3649 | J12: 免税 | K12: =_xlfn.XLOOKUP(C12,WPN系列料号GEIM编码对照表!F:F,WPN系列料号GEIM编码对照表!B:B) -> LBC000069100
A13: 4500231697 | B13: 00120 | C13: 5KS256BWC105 | D13: SMALL AC MOTOR | E13: 07/18/2026 | F13: 14 | G13: PC | H13: 533.48 | I13: 7468.72 | J13: 免税 | K13: =_xlfn.XLOOKUP(C13,WPN系列料号GEIM编码对照表!F:F,WPN系列料号GEIM编码对照表!B:B) -> LBC000068100
... A24: 4500231697 | B24: 00230 | C24: 5KS213BWC205 | D24: SMALL AC MOTOR | E24: 07/18/2026 | F24: 8 | G24: PC | H24: 265.78 | I24: 2126.24 | J24: 免税 | K24: =_xlfn.XLOOKUP(C24,WPN系列料号GEIM编码对照表!F:F,WPN系列料号GEIM编码对照表!B:B) -> LBC000054100
A25: 4500231689 | B25: 00010 | C25: 5KR404ZWL308 | D25: SMALL AC MOTOR NEMA D GP | E25: 08/31/2026 | F25: 13 | G25: PC | H25: 1745.25 | I25: 22688.25 | J25: 免税 | K25: =_xlfn.XLOOKUP(C25,NEH系列料号GEIM编码对照表!C:C,NEH系列料号GEIM编码对照表!B:B) -> LNEH00003400
A26: 4500231689 | B26: 00020 | C26: 5KR405ZWL308 | D26: SMALL AC MOTOR NEMA D GP | E26: 08/31/2026 | F26: 18 | G26: PC | H26: 2267.65 | I26: 40817.7 | J26: 免税 | K26: =_xlfn.XLOOKUP(C26,NEH系列料号GEIM编码对照表!C:C,NEH系列料号GEIM编码对照表!B:B) -> LNEH00003500
A27: 4500231689 | B27: 00030 | C27: 5KR447ZWL308 | D27: SMALL AC MOTOR NEMA D GP | E27: 08/31/2026 | F27: 6 | G27: PC | H27: 3014.74 | I27: =F27*H27 -> 18088.44 | J27: 免税 | K27: =_xlfn.XLOOKUP(C27,NEH系列料号GEIM编码对照表!C:C,NEH系列料号GEIM编码对照表!B:B) -> LNEH00003800
A28: 4500231689 | B28: 00040 | C28: 5KR405ZWL308 | D28: SMALL AC MOTOR NEMA D GP | E28: 08/31/2026 | F28: 6 | G28: PC | H28: 2267.65 | I28: 13605.9 | J28: 免税 | K28: =_xlfn.XLOOKUP(C28,NEH系列料号GEIM编码对照表!C:C,NEH系列料号GEIM编码对照表!B:B) -> LNEH00003500
A29: 4500231689 | B29: 00050 | C29: 5KR365ZWL308 | D29: SMALL AC MOTOR NEMA D GP | E29: 08/31/2026 | F29: 6 | G29: PC | H29: 1535.81 | I29: 9214.86 | J29: 免税 | K29: =_xlfn.XLOOKUP(C29,NEH系列料号GEIM编码对照表!C:C,NEH系列料号GEIM编码对照表!B:B) -> LNEH00003100
A30: 4500231689 | B30: 00060 | C30: 5KR444ZWL308 | D30: SMALL AC MOTOR NEMA D GP | E30: 09/08/2026 | F30: 6 | G30: PC | H30: 2797.44 | I30: 16784.64 | J30: 免税 | K30: =_xlfn.XLOOKUP(C30,NEH系列料号GEIM编码对照表!C:C,NEH系列料号GEIM编码对照表!B:B) -> LNEH00003600
A31: 4500231689 | B31: 00070 | C31: 5KR444ZWL308 | D31: SMALL AC MOTOR NEMA D GP | E31: 09/08/2026 | F31: 11 | G31: PC | H31: 2797.44 | I31: 30771.84 | J31: 免税 | K31: =_xlfn.XLOOKUP(C31,NEH系列料号GEIM编码对照表!C:C,NEH系列料号GEIM编码对照表!B:B) -> LNEH00003600
A32: 4500231689 | B32: 00080 | C32: 5KR405ZWL308 | D32: SMALL AC MOTOR NEMA D GP | E32: 08/31/2026 | F32: 6 | G32: PC | H32: 2267.65 | I32: 13605.9 | J32: 免税 | K32: =_xlfn.XLOOKUP(C32,NEH系列料号GEIM编码对照表!C:C,NEH系列料号GEIM编码对照表!B:B) -> LNEH00003500
A33: 4500231689 | B33: 00090 | C33: 5KR449ZWL308 | D33: SMALL AC MOTOR NEMA D GP | E33: 08/31/2026 | F33: 6 | G33: PC | H33: 4199.4 | I33: 25196.4 | J33: 免税 | K33: =_xlfn.XLOOKUP(C33,NEH系列料号GEIM编码对照表!C:C,NEH系列料号GEIM编码对照表!B:B) -> LNEH00003900
A34: 4500231689 | B34: 00100 | C34: 5KR404ZWL308 | D34: SMALL AC MOTOR NEMA D GP | E34: 08/31/2026 | F34: 6 | G34: PC | H34: 1745.25 | I34: 10471.5 | J34: 免税 | K34: =_xlfn.XLOOKUP(C34,NEH系列料号GEIM编码对照表!C:C,NEH系列料号GEIM编码对照表!B:B) -> LNEH00003400
A35: 4500231699 | B35: 00010 | C35: 5KS254KWV105 | D35: SMALL AC MOTOR | E35: 07/18/2026 | F35: 8 | G35: PC | H35: 474.06 | I35: 3792.48 | J35: 免税 | K35: =_xlfn.XLOOKUP(C35,WPN系列料号GEIM编码对照表!F:F,WPN系列料号GEIM编码对照表!B:B) -> LBA000081400
A36: 4500231699 | B36: 00020 | C36: 5KS145KWV205 | D36: SMALL AC MOTOR | E36: 07/18/2026 | F36: 8 | G36: PC | H36: 135.64 | I36: 1085.12 | J36: 免税 | K36: =_xlfn.XLOOKUP(C36,WPN系列料号GEIM编码对照表!F:F,WPN系列料号GEIM编码对照表!B:B) -> LBA000089600
A37: 4500231699 | B37: 00030 | C37: 5KS145KWV205 | D37: SMALL AC MOTOR | E37: 07/18/2026 | F37: 8 | G37: PC | H37: 135.64 | I37: 1085.12 | J37: 免税 | K37: =_xlfn.XLOOKUP(C37,WPN系列料号GEIM编码对照表!F:F,WPN系列料号GEIM编码对照表!B:B) -> LBA000089600
A38: 4500231699 | B38: 00040 | C38: 5KS182KWC205 | D38: SMALL AC MOTOR | E38: 07/18/2026 | F38: 8 | G38: PC | H38: 183.28 | I38: 1466.24 | J38: 免税 | K38: =_xlfn.XLOOKUP(C38,WPN系列料号GEIM编码对照表!F:F,WPN系列料号GEIM编码对照表!B:B) -> LBC000069000
A39: 4500231699 | B39: 00050 | C39: 5KS213KWV205 | D39: SMALL AC MOTOR | E39: 07/18/2026 | F39: 8 | G39: PC | H39: 292.36 | I39: 2338.88 | J39: 免税 | K39: =_xlfn.XLOOKUP(C39,WPN系列料号GEIM编码对照表!F:F,WPN系列料号GEIM编码对照表!B:B) -> LBA000080700
A40: 4500231699 | B40: 00060 | C40: 5KS215CWL105 | D40: SMALL AC MOTOR | E40: 07/31/2026 | F40: 8 | G40: PC | H40: 526.04 | I40: 4208.32 | J40: 免税 | K40: =_xlfn.XLOOKUP(C40,NEXP系列料号GEIM编码对照表!C:C,NEXP系列料号GEIM编码对照表!B:B) -> LNEXP0012300
A41: 4500231699 | B41: 00070 | C41: 5KS182KWV205 | D41: SMALL AC MOTOR | E41: 07/18/2026 | F41: 8 | G41: PC | H41: 179.94 | I41: 1439.52 | J41: 免税 | K41: =_xlfn.XLOOKUP(C41,WPN系列料号GEIM编码对照表!F:F,WPN系列料号GEIM编码对照表!B:B) -> LBA000074100
A42: 4500231699 | B42: 00080 | C42: 5KS365CWL115 | D42: SMALL AC MOTOR | E42: 07/18/2026 | F42: 8 | G42: PC | H42: 2300 | I42: 18400 | J42: 免税 | K42: =_xlfn.XLOOKUP(C42,NEXP系列料号GEIM编码对照表!C:C,NEXP系列料号GEIM编码对照表!B:B) -> LNEXP0013600
A43: 4500231699 | B43: 00090 | C43: 5KS215KWC205 | D43: SMALL AC MOTOR | E43: 07/18/2026 | F43: 8 | G43: PC | H43: 313.31 | I43: 2506.48 | J43: 免税 | K43: =_xlfn.XLOOKUP(C43,WPN系列料号GEIM编码对照表!F:F,WPN系列料号GEIM编码对照表!B:B) -> LBC000069700
A44: 4500231699 | B44: 00100 | C44: 5KS284KWC205 | D44: SMALL AC MOTOR | E44: 07/18/2026 | F44: 8 | G44: PC | H44: 681.46 | I44: 5451.68 | J44: 免税 | K44: =_xlfn.XLOOKUP(C44,WPN系列料号GEIM编码对照表!F:F,WPN系列料号GEIM编码对照表!B:B) -> LBC000069900
A45: 4500231699 | B45: 00110 | C45: 5KS184KWC205 | D45: SMALL AC MOTOR | E45: 07/18/2026 | F45: 8 | G45: PC | H45: 197.04 | I45: =H45*F45 -> 1576.32 | J45: 免税 | K45: =_xlfn.XLOOKUP(C45,WPN系列料号GEIM编码对照表!F:F,WPN系列料号GEIM编码对照表!B:B) -> LBC000069200
